Hashes,Derived IP,Country,as_owner,Date,Remark
93430f4cc1eb593852e835adcbd48e52668246c3aa7de5781f5f868fed8ec44d,139.162.2.123,SG,"Linode, LLC",2019-11-05 13:10:46
93430f4cc1eb593852e835adcbd48e52668246c3aa7de5781f5f868fed8ec44d,31.214.157.85,NL,easystores GmbH,2019-11-17 13:11:34
93430f4cc1eb593852e835adcbd48e52668246c3aa7de5781f5f868fed8ec44d,172.104.91.191,JP,"Linode, LLC",2019-12-14 05:34:14
93430f4cc1eb593852e835adcbd48e52668246c3aa7de5781f5f868fed8ec44d,222.186.101.113,CN,"No.31,Jin-rong Street",2019-11-13 18:05:35
93430f4cc1eb593852e835adcbd48e52668246c3aa7de5781f5f868fed8ec44d,222.186.92.207,CN,"No.31,Jin-rong Street",2019-11-13 18:05:35
93430f4cc1eb593852e835adcbd48e52668246c3aa7de5781f5f868fed8ec44d,222.186.69.52,CN,"No.31,Jin-rong Street",2019-11-13 18:05:35
93430f4cc1eb593852e835adcbd48e52668246c3aa7de5781f5f868fed8ec44d,222.186.89.120,CN,"No.31,Jin-rong Street",2019-11-13 18:05:35
93430f4cc1eb593852e835adcbd48e52668246c3aa7de5781f5f868fed8ec44d,222.186.113.183,CN,"No.31,Jin-rong Street",2019-11-13 18:05:34
93430f4cc1eb593852e835adcbd48e52668246c3aa7de5781f5f868fed8ec44d,222.186.134.125,CN,AS Number for CHINANET jiangsu province backbone,2019-11-13 18:05:30
93430f4cc1eb593852e835adcbd48e52668246c3aa7de5781f5f868fed8ec44d,222.186.69.181,CN,"No.31,Jin-rong Street",2019-11-13 18:05:36
